particle,time,qx,qy,qz,py,pz,mp
38,115.13,188.54721870265,0.1126314689129966,-0.4312665011827151,-0.0038020203779538,-0.0014056085782806,1.672621898e-27
76,115.13,188.5479403795069,0.0852731645433596,0.1300037824360757,-0.0037559701121011,0.0005610894765243009,1.672621898e-27
94,115.13,188.5791450421758,0.1039809195799419,0.1472338531083041,-0.0039102575553524,0.000512456943885352,1.672621898e-27
107,115.13,188.1188332220385,-0.2604332780602689,0.0405631463063441,-0.00044288126416071593,9.063564026529737e-05,1.672621898e-27
193,115.13,188.59833027108712,0.1214266907427096,0.1092448969884478,-0.0043745670348384,0.0004664062896735921,1.672621898e-27
231,115.13,188.5592377868633,0.1029040541058532,-0.3522036609236053,-0.0041332032701498,-0.0011595344975893,1.672621898e-27
245,115.13,188.3257363150977,-0.0909805432282593,-0.24587906784316,-0.0018156115525614,-0.0010064050410247,1.672621898e-27
415,115.13,188.6564377653617,0.1753574400919811,0.3692918023179629,-0.0056075358561654,0.0013958095309879,1.672621898e-27
498,115.13,188.58309719334116,0.1058723881804624,0.066116088675771,-0.0038133671782708,0.00022036138098305367,1.672621898e-27
542,115.13,188.6053082776791,0.1266207673139339,0.4467690361455071,-0.0043347855509304,0.001868445481341,1.672621898e-27
549,115.13,188.7506534677956,0.3641246479067971,-0.1717807118021734,-0.0069118784602724,-0.0005352077315840114,1.672621898e-27
589,115.13,188.11291814339373,-0.2313241291161007,-0.2106666925857529,-0.00041937835370493934,-0.0009325580694522368,1.672621898e-27
592,115.13,188.3386041263928,-0.0650337576657705,-0.2217709281257907,-0.0018920910902646,-0.0008835778497529092,1.672621898e-27
692,115.13,188.26721859399493,-0.1027461756429037,0.3890387204533725,-0.0021617832104497,0.0016763103293594,1.672621898e-27
782,115.13,188.11425450453604,-0.2605179456698532,-0.0478463924125065,-0.000433716809021003,-0.00025724025455273647,1.672621898e-27
853,115.13,188.0455653475925,-0.2735692709004353,-0.1880085285496017,-0.00042238982738508434,-0.000821783207214406,1.672621898e-27
980,115.13,188.69278393610705,0.2816651047143469,0.0329165507599277,-0.005850987183262,9.696935431130511e-06,1.672621898e-27
987,115.13,188.5308931899276,0.1174173684013156,-0.3597539761389225,-0.0037034557588669,-0.0011882220192512,1.672621898e-27
994,115.13,188.7402678380866,0.3625962229387257,-0.1084850092212317,-0.0070111408735,-0.00039436065713812295,1.672621898e-27
1049,115.13,188.74044709761117,0.3224362271366294,-0.1878075403472743,-0.0065279849663166,-0.0005616338610405921,1.672621898e-27
1095,115.54,188.92830166083388,-0.4173491304598086,-0.0704918250056396,0.0007584983866915295,-0.0003363501572268232,1.672621898e-27
1186,115.13,188.10236578017745,-0.2764040386028545,-0.3955235001279759,-0.0005376484515010689,-0.0013178616284362,1.672621898e-27
1239,115.13,188.58837200472323,0.106406341290341,0.1617508307558489,-0.0040514508084054,0.0006531861388705238,1.672621898e-27
1248,115.13,188.6904746776376,0.2346564229555257,-0.1421710241857752,-0.0053506536605913,-0.000472679443192236,1.672621898e-27
1314,115.54,188.9646461658232,-0.4143903437311441,0.1578419313730884,0.000322562123548882,0.0007517908700699871,1.672621898e-27
1320,115.13,188.24941438709348,-0.1537967645588653,-0.3219875057860764,-0.0013194361003129,-0.0013442385911564,1.672621898e-27
1335,115.13,188.49754754805957,0.0503841376195375,0.4857339270515762,-0.0055768263993867,-0.0122059745827537,1.672621898e-27
1465,115.13,188.5582355270845,0.0887532099478589,0.2594146557290357,-0.0036756896682724,0.0009846160719318058,1.672621898e-27
1545,115.13,188.7382190038471,0.3515097099126311,0.1488712471952978,-0.0066350653020112,0.0004690688541332236,1.672621898e-27
1560,115.13,188.61685005056324,0.1392814973994521,0.1780849592585894,-0.0044658408642844,0.000706788961149012,1.672621898e-27
1566,115.13,188.63818987189305,0.2586252792278213,0.163146151599508,-0.0062880162228588,0.0007122243100193068,1.672621898e-27
1635,115.13,188.6539108060213,0.213743552729064,-0.3227254826823154,-0.0050043346044039,-0.0008707576667886359,1.672621898e-27
1687,115.13,188.73566458515495,0.4516027317732672,-0.1027587720626053,-0.0071603520948423,-0.0002935034077044926,1.672621898e-27
1690,115.13,188.7383328598281,0.3116055971669954,-0.2854781924096938,-0.0064636359564116,-0.0009905499672801842,1.672621898e-27
1795,115.13,188.74380753006847,0.3963792650053623,-0.2692728026892539,-0.0069274947288911,-0.0011431056270767,1.672621898e-27
1945,115.13,188.7508399682969,0.3586090657482543,-0.1941920332768917,-0.0068621765189736,-0.000654539842836697,1.672621898e-27
1994,115.13,188.5694166693032,0.1160161618159135,-0.4798098848153359,-0.0036500221223157,-0.0019328808067898,1.672621898e-27
2002,115.13,188.6951305950456,0.3785528672965937,0.3093712878655181,-0.0075618271663463,0.0007333081707531095,1.672621898e-27
2013,115.13,188.5133664466676,0.0566744029526056,-0.035382066349448,-0.0031920258467347,-0.00010085948261447471,1.672621898e-27
2024,115.13,188.3613597827557,-0.0492242111202739,-0.2610782554756388,-0.0021055902276235,-0.0010101932918124,1.672621898e-27
2118,115.13,188.49913974192103,0.0659490303294786,-0.1491184780456628,-0.0027719465038289,-0.0004506285071257753,1.672621898e-27
2145,115.13,188.4138187408335,-0.0137451338781427,-0.3516075756599023,-0.0023811270346902,-0.0012528961966592,1.672621898e-27
2173,115.13,188.4593907064504,0.0224411702436402,-0.2438575386416768,-0.0027458286838129,-0.000914172923367408,1.672621898e-27
2196,115.13,188.357166483802,-0.024819246342993,0.3171675772257759,-0.0024703131435975,0.0013234686038851,1.672621898e-27
2201,115.13,188.2899392776372,-0.0861212750208995,0.4731417176612575,-0.0019566065763077,0.0021007781014381,1.672621898e-27
2221,115.54,188.9943621353388,-0.3861080410875875,0.0486443037932283,0.0003170793651574099,0.00019464938240631684,1.672621898e-27
2233,115.13,188.050973382716,-0.3038366689792401,0.278349976238822,-0.00027418414866480694,0.0016766585266171,1.672621898e-27
2298,115.13,188.38216603598863,-0.0318891227368329,0.3663112721097847,-0.0022152340765896,0.0014829999479463,1.672621898e-27
2299,115.13,188.4921977146439,0.0430741027746014,-0.3402097769909139,-0.0029414126943211,-0.001174201897487,1.672621898e-27
2315,115.13,188.5490360938145,0.0827607083492167,0.3740629255674397,-0.0037416058018897,0.0014552901830842,1.672621898e-27
2348,115.13,188.53656430693877,0.0711926404338937,-0.1909818294001554,-0.0032553274194749,-0.0006098991326516979,1.672621898e-27
2353,115.13,188.7020474779447,0.2393183207498528,-0.3663878923130856,-0.0042878483763164,-0.0015814132713596,1.672621898e-27
2375,115.54,188.9984436527673,-0.378707447920335,0.1792362469464856,-6.089156539585377e-05,0.0008249814652447774,1.672621898e-27
2376,115.13,188.11824245354683,-0.2436292704576873,0.0481478182943812,-0.0005495352772349194,0.00012339577228818083,1.672621898e-27
2507,115.13,188.66340125587973,0.212257151971874,-0.3039727458673439,-0.0053217535136349,-0.001086318013478,1.672621898e-27
2587,115.13,188.1059662417776,-0.2630739942630582,-0.0513283245997313,-0.0003852630225023622,-0.00025733284317790064,1.672621898e-27
2684,115.13,188.73147118956615,0.4139570198547501,-0.2407834077697093,-0.0073482658795608,-0.0011162639031315,1.672621898e-27
2742,115.13,188.64325355684983,0.1871624668382185,-0.3692788375251118,-0.003804796864802,-0.0014250853667243,1.672621898e-27
2786,115.13,188.4006630422414,-0.0106531735751174,-0.1220015730627115,-0.0024474927949348,-0.0003817990819931317,1.672621898e-27
2822,115.13,188.41195615158568,0.0087310647596805,0.1467689862042584,-0.0023266001112857,0.0006612926121058558,1.672621898e-27
2840,115.54,188.9882489623317,-0.3929199652470121,0.1254649868987227,0.0002314739847141432,0.0005649005978658761,1.672621898e-27
2869,115.13,188.11661963812196,-0.2457147179414522,-0.2564285117365679,-0.0003683215733428711,-0.0011483193259129,1.672621898e-27
2872,115.13,188.07610204047077,-0.296848106659664,-0.0100797651193638,-0.00029587087918586614,-5.873810876051143e-05,1.672621898e-27
2882,115.13,188.71690441145492,0.3134466091369529,0.1715055247311568,-0.0064222717799605,0.0006198292316399686,1.672621898e-27
2910,115.13,188.6817808896812,0.2002802423654324,-0.3369763101110964,-0.0050123224903687,-0.0010467357832429,1.672621898e-27
2948,115.13,188.30579034211144,-0.0843873774234529,0.1443139601960313,-0.0016578771591785,0.0006120661142059134,1.672621898e-27
2974,115.13,188.74710562741092,0.4079616077340305,-0.2414888068248859,-0.0072422330377175,-0.0008042244803365924,1.672621898e-27
3016,115.13,188.2841488857871,-0.0791686671562704,0.3775582622287077,-0.0020359537290118,0.0017182639045141,1.672621898e-27
3019,115.13,188.4886710812325,0.0527462664226187,0.0189350308809956,-0.0031498687508254,0.00018233590291835537,1.672621898e-27
3060,115.54,188.95585435693303,-0.3387418452886863,-0.2018654610927426,0.00021364654210390984,-0.000879112721623186,1.672621898e-27
3061,115.13,188.6813510927816,0.2507288327008468,0.2570987960757733,-0.0063484558607764,0.0009731319481259284,1.672621898e-27
3092,115.13,188.72152548252367,0.3704017469324424,-0.1305639728088745,-0.007065150386244,-0.00048176680009730217,1.672621898e-27
3099,115.13,188.41106363754787,-0.0133285497972507,-0.4598935962171356,-0.0025044172674961,-0.0017579212747855,1.672621898e-27
3127,115.13,188.592355151532,0.0998893656980601,0.2860852602128081,-0.0042585938478734,0.0011182290646956,1.672621898e-27
3131,115.13,188.22223805888325,-0.1429037032986314,0.2233079087071757,-0.0014677568350932,0.001034006731372,1.672621898e-27
3293,115.13,188.44614984345048,0.0411002086595953,-0.4878108614431292,-0.0049003785225845,0.0113265480673808,1.672621898e-27
3352,115.13,188.6430839722553,0.1822133346323436,0.0917356160948075,-0.004920408183488,0.0002779610913299368,1.672621898e-27
3362,115.13,188.680392209821,0.2038572461503205,0.2297903231634878,-0.0055631857132157,0.0009011454987818562,1.672621898e-27
3377,115.13,188.70784316997435,0.2899715218932746,-0.0654944290389321,-0.0059371974499249,-0.0001532869939538267,1.672621898e-27
3384,115.13,188.60479841527965,0.1283079382963442,-0.0226533061437937,-0.0043131688151802,-4.072333378595733e-05,1.672621898e-27
3412,115.13,188.6751525174116,0.1990953212667641,-0.314842517139379,-0.0049098978297246,-0.001015317936278,1.672621898e-27
3443,115.13,188.6036979412257,0.1360458259650664,0.3944704784388357,-0.0047232833030341,0.0013901911155065,1.672621898e-27
3456,115.13,188.6168397784466,0.1416505282544654,-0.3218903623597811,-0.0042512491031723,-0.0009164910744245826,1.672621898e-27
3531,115.13,188.3800040019169,-0.0178930823550991,0.1830572431231176,-0.0018622510349839,0.0007999244552776637,1.672621898e-27
3560,115.13,188.6547161325532,0.1808872215887252,0.4335831665231629,-0.0052998849983417,0.0016211953378692,1.672621898e-27
3587,115.13,188.04986758975812,-0.3115907033994473,0.1014535303875675,-0.000196821786334516,0.000328662072313526,1.672621898e-27
3609,115.13,188.52781664464104,0.0848142083268204,0.054826792585904,-0.0037691225767606,0.0002992018165823864,1.672621898e-27
3611,115.13,188.3239820963236,-0.0753478304462055,0.2243798689469339,-0.0018323415428636,0.0009548994951192436,1.672621898e-27
3682,115.13,188.1292548212741,-0.2027733429459814,-0.1264220540407954,-0.000688709844603824,-0.0005204099169473695,1.672621898e-27
3685,115.13,188.36572389815672,-0.0207670043963639,0.3090177397154024,-0.0020039212245301,0.0012721574216696,1.672621898e-27
3785,115.13,188.6443040947959,0.1538922445981078,-0.2337392753830089,-0.0043602757821243,-0.0006752798426314957,1.672621898e-27
3804,115.13,188.62463882737157,0.1358780460843633,0.0797354316300925,-0.0044534973133358,0.0002723851598758974,1.672621898e-27
3805,115.13,188.5306246642269,0.0645375921704881,0.1519361654031995,-0.0034950641379984,0.0005677987614125127,1.672621898e-27
3815,115.13,188.40524248725916,-0.0137630445619906,-0.3408151804389446,-0.0023846123731574,-0.0013106311952924,1.672621898e-27
3888,115.13,188.5657095344649,0.0881840728761437,-0.0706513025449192,-0.0035397572234316,-0.00015158544252272558,1.672621898e-27
3932,115.13,188.23691761161868,-0.1039685049919257,0.1094878830797351,-0.0014323397054597,0.0004543515951435828,1.672621898e-27
3945,115.13,188.5457300759788,0.1089664236244271,-0.3318986841356246,-0.0036235725000681,-0.0010133133016447,1.672621898e-27
4044,115.54,188.87362576904164,-0.4757479196923211,-0.0204824303343794,0.0009844584536246423,-4.1419856875835685e-05,1.672621898e-27
4059,115.13,188.5773057513236,0.1486566479882793,-0.1997076079643871,-0.0043586644020541,-0.0005449334844367438,1.672621898e-27
4152,115.13,188.6368446310434,0.1498914910490474,-0.2166906661263726,-0.0043028616786655,-0.0007359538882675093,1.672621898e-27
4164,115.13,188.7120678709392,0.2589018948745567,-0.3936233463459748,-0.0043536423554874,-0.0017347209471313,1.672621898e-27
4253,115.13,188.6618384281241,0.1812651089109516,0.0281700744430823,-0.0048752876619704,6.348636503537521e-05,1.672621898e-27
4264,115.13,188.71404129837413,0.3044824688657083,-0.0636725939249147,-0.0063995658992489,-0.00017589013594676122,1.672621898e-27
4294,115.54,188.9716796518039,-0.4098740450718504,0.1961686020847989,0.00018254734384022563,0.0009292028416159628,1.672621898e-27
4310,115.13,188.73493191120895,0.4099989148598884,-0.2025302178279863,-0.0424308343465394,0.0143080436763791,1.672621898e-27
4323,115.13,188.66065100637772,0.3109498329121417,0.2106603914125895,-0.0067172113262625,0.0006533421796260511,1.672621898e-27
4346,115.13,188.26227008107247,-0.1126193980429337,-0.1381644855120125,-0.001464422856255,-0.000535462094903651,1.672621898e-27
4379,115.54,188.9867593337275,-0.3341169846042692,-0.3065756216651626,-5.805810792244319e-05,-0.0014299742798984,1.672621898e-27
4413,115.13,188.72761009260535,0.3068628526561248,-0.0178889920632479,-0.0063366830492558,-8.230756670629902e-05,1.672621898e-27
4428,115.13,188.69142991298563,0.4363118823876028,0.1840961610386803,-0.007528190318823,0.0002484453887387594,1.672621898e-27
4432,115.13,188.75158768773855,0.3914041760928168,-0.1998211742139566,-0.0070478499774526,-0.0007243925833444792,1.672621898e-27
4451,115.13,188.271293409156,-0.1546069710613223,-0.3945375131178144,-0.001279256192507,-0.0017085296752505,1.672621898e-27
4462,115.13,188.2189810229628,-0.1122608013518204,-0.0857710965861637,-0.0011971718630999,-0.00028536700526592514,1.672621898e-27
4531,115.13,188.3075706428096,-0.0845649750056237,0.3476501759677894,-0.0020959743631565,0.0015646164233292,1.672621898e-27
4545,115.54,188.96382991253336,-0.3301420734959158,-0.1828307947312303,0.0001464077436130608,-0.0007566887101554591,1.672621898e-27
4557,115.13,188.65902159821096,0.1692296122478601,0.2053830602878434,-0.0051885092672743,0.0007630958161237518,1.672621898e-27
4600,115.13,188.70953313958,0.2698459028728011,-0.0807392741489686,-0.0055959944815353,-0.0002511129473875713,1.672621898e-27
4611,115.13,188.71944412554583,0.4168370695224731,-0.1468836388593438,-0.0073038807111822,-0.0004304678646758461,1.672621898e-27
4648,115.13,188.70646041611565,0.3964609092367618,-0.1432849351928745,-0.0072153585243825,-0.0004056421367893237,1.672621898e-27
4687,115.13,188.4277214327508,0.0019346505749514,0.4637327748591505,-0.0028117528130566,0.0017497221244281,1.672621898e-27
4701,115.13,188.3267139898061,-0.0943077675900209,-0.2764719970460966,-0.0018645045300346,-0.0011232800493837,1.672621898e-27
4770,115.13,188.163478544786,-0.202348132089904,0.1644205924706566,-0.0008238811664500438,0.0006154269802834115,1.672621898e-27
4830,115.13,188.61053712820308,0.184675723736837,-0.1507490960694825,-0.0049542452497493,-0.0004647281579422385,1.672621898e-27
4832,115.13,188.3522056999916,-0.0398924416334942,-0.1897783598264816,-0.0020412743846754,-0.0007225933443219106,1.672621898e-27
4854,115.13,188.7010967172431,0.2661251802618673,-0.1486202280176785,-0.0057962892452623,-0.00038502590067244303,1.672621898e-27
4903,115.13,188.6702913316068,0.2257887033379602,-0.0942468420797451,-0.0053342256305128,-0.0002848117168994518,1.672621898e-27
4910,115.13,188.63275185876057,0.1539819463714022,0.2418844093683943,-0.0050092952654875,0.0008740757934822305,1.672621898e-27
4935,115.13,188.67879827160556,0.2184370338171712,-0.2861672941793985,-0.0052124739607778,-0.0009234188346540232,1.672621898e-27
4943,115.13,188.50310983744416,0.0574968639946803,0.2474582729967772,-0.00377739072158,0.0010052455174945,1.672621898e-27
4964,115.13,188.01612829710595,-0.345574165708374,0.2865622121613299,-0.0003332056405373798,0.0012721736920602,1.672621898e-27
4992,115.13,188.3385096052939,-0.0601874633414866,0.1354089522700926,-0.0016944715651312,0.0005146928402721625,1.672621898e-27
5046,115.54,188.98806598206136,-0.3276965463255718,-0.1753941736919035,7.14908396790659e-06,-0.0007863005344507103,1.672621898e-27
5096,115.13,188.45251496147512,0.0139779804315636,-0.1663850596450004,-0.0025481524086221,-0.000634406573572676,1.672621898e-27
5128,115.13,188.46743872529683,0.0292994637627189,-0.3825197275745302,-0.0029443572114601,-0.0013825704366843,1.672621898e-27
5162,115.13,188.0993979465983,-0.1907438785146105,0.2438905116472339,-0.0011249558598328,0.0010805775072781,1.672621898e-27
5203,115.13,188.3898907963948,-0.0160249798726585,-0.0006569667724210159,-0.0021077042581988,-1.5621617580640644e-05,1.672621898e-27
5206,115.13,188.3879810461126,-0.0122726985824962,0.2583584034821077,-0.0021066620783704,0.0010826193135402,1.672621898e-27
5251,115.13,188.69085047189108,0.2612121752224796,0.1577483777856938,-0.0058404606777376,0.000516910701877695,1.672621898e-27
5278,115.13,188.74227714797613,0.3603500041478437,-0.0707498241486306,-0.006959651386361,-0.00020925131488198212,1.672621898e-27
5286,115.13,188.70310604073163,0.2708943584142674,0.0813130867157976,-0.005976204316861,0.00015833424077940175,1.672621898e-27
5356,115.13,188.06831121053975,-0.3093635389664063,-0.0127993899489881,-8.402248383608642e-05,-0.00010348242521882388,1.672621898e-27
5396,115.13,188.33809401776665,-0.0448331691962102,-0.0672373186425087,-0.0019599957865416,-0.00023249831527186524,1.672621898e-27
5404,115.13,188.39823695176509,0.0017913785177627,-0.0471051381492831,-0.0022827172088873,-0.0001818072708223754,1.672621898e-27
5424,115.54,188.9447565355786,-0.3773244573549577,-0.1231408686716861,0.0004379195682774368,-0.00047959289528277536,1.672621898e-27
5435,115.54,188.94896229687384,-0.3519790065188427,-0.3236335707081827,0.000532588006671322,-0.0020226149154599,1.672621898e-27
5480,115.13,188.63921464099263,0.3301268589002912,0.0231574093936607,-0.0061660476031046,4.170524989129188e-05,1.672621898e-27
5499,115.13,188.71261111230027,0.2708642445532178,-0.2439185773102928,-0.0058719296572581,-0.0007607693185292349,1.672621898e-27
5525,115.13,188.28902089183683,-0.0953978463735123,0.0727953286329258,-0.0014952344182021,0.00020216698482217893,1.672621898e-27
5530,115.54,188.9442758739624,-0.3383543530239091,-0.2489684848175325,9.535365639451984e-05,-0.0011050320421985,1.672621898e-27
5560,115.13,188.62881664803956,0.1920108480755248,-0.3732691072355949,-0.0039583122785798,-0.00150714847896,1.672621898e-27
5574,115.13,188.6512210557705,0.1713870457287897,-0.1797471956824011,-0.0044408733467506,-0.0005644912101672808,1.672621898e-27
5610,115.13,188.0588409150608,-0.3139693152335692,0.2033766238606254,-0.00022957232454727828,0.0008902302213642866,1.672621898e-27
5612,115.13,188.31389361709265,-0.0781511244563,-0.3248628208165263,-0.0020408632373351,-0.001291718287829,1.672621898e-27
5645,115.13,188.724394046904,0.2956054634137889,-0.3336750346863989,-0.004875378444095,-0.0016960475652452,1.672621898e-27
5689,115.13,188.733686343896,0.3424484172355986,0.2098475110302212,-0.0066187638985589,0.0006967715588559641,1.672621898e-27
5732,115.13,188.30905378073783,-0.0665184257068181,-0.0840891133952308,-0.0018396473657699,-0.0002755438338726676,1.672621898e-27
5765,115.13,188.5808137389364,0.0942070116765753,0.3684165418201987,-0.0042674884309196,0.0013844739314048,1.672621898e-27
5826,115.13,188.4860827087041,0.063416097408167,-0.3391665454469244,-0.0032849295482947,-0.0012309657799809,1.672621898e-27
5828,115.13,188.5229983131553,0.0680659492387701,0.4820516848875496,-0.0037720838254246,0.0018176890842434,1.672621898e-27
5831,115.13,188.15826430705687,-0.2184691041131312,-0.0542902287954554,-0.0005436043273081739,-0.0002710268061948157,1.672621898e-27
5838,115.13,188.42252198351625,0.0033317264049777,-0.0065141969647685,-0.002319461151441,-3.4847045829995405e-05,1.672621898e-27
5849,115.13,188.71093820661972,0.295704628986379,0.1354336603629383,-0.0060801267683109,0.0004116548813250062,1.672621898e-27
5863,115.13,188.6574286387144,0.1734705960865873,-0.1613248376189542,-0.004629984920024,-0.0005013351346724846,1.672621898e-27
5910,115.54,188.951512847315,-0.3771868239054006,0.2763791199841959,-0.00013038796790730857,0.0013271449020286,1.672621898e-27
5921,115.13,188.2267328280533,-0.1269612300111124,0.2782901390407692,-0.0017718426141874,0.0012736022032405,1.672621898e-27
5965,115.13,188.4335129430377,0.0061736354188272,-0.2959255600646332,-0.0024526204943084,-0.0010957692572727,1.672621898e-27
5992,115.13,188.6137707718404,0.1498161026025859,-0.3784866459698847,-0.0046303383325906,-0.0011029674721038,1.672621898e-27
6021,115.13,188.73019987363296,0.465756792147305,0.0302149955523896,-0.0075133101625867,3.48456902857902e-05,1.672621898e-27
6036,115.13,188.7318278944745,0.3174710334691878,-0.3654845800663392,-0.0058024121899706,-0.0018421380469594,1.672621898e-27
6046,115.13,188.67930250107577,0.2150894444225442,0.2948054624999447,-0.0058820342124011,0.0011801141298085,1.672621898e-27
6102,115.13,188.03929190795483,-0.3013029655586028,-0.3098890359423409,-0.0003265917818609668,-0.0010651215219918,1.672621898e-27
6129,115.13,188.6991996219004,0.2328618399407312,0.3371109684951536,-0.0063537104547168,0.0012436445070169,1.672621898e-27
6140,115.13,188.09376771887003,-0.2437763961454574,0.1846222614202949,-0.0004627147513460863,0.0007898767609203982,1.672621898e-27
6269,115.13,188.695377671732,0.2734099752879832,-0.3323682339986357,-0.0048160749099932,-0.0016664150068282,1.672621898e-27
6284,115.13,188.2631881686508,-0.1533265900253218,-0.3391132403894359,-0.0012534712955364,-0.001541208049142,1.672621898e-27
6287,115.13,188.36713898411497,-0.0377153423565085,0.2307250100161569,-0.0018617538410897,0.0009382603222350776,1.672621898e-27
6290,115.13,188.46074517811084,0.0266337630851203,-0.0934218976223909,-0.0026258023613982,-0.00029988202034171216,1.672621898e-27
6418,115.13,188.726720428505,0.4375212911615124,-0.1296112749200556,-0.0494336548087952,0.0103338277681034,1.672621898e-27
6426,115.13,188.2569117979073,-0.1106499486142839,-0.0886426627227736,-0.0013957911921539,-0.0004113854412250874,1.672621898e-27
6430,115.13,188.5152622606868,0.061343645552646,-0.1715750661738637,-0.003052336186117,-0.0005743793734167507,1.672621898e-27
6445,115.13,188.5132754549044,0.0553195307684932,-0.2481050881424212,-0.0031908935152539,-0.0008990798854637446,1.672621898e-27
6455,115.13,188.6130469663992,0.157860514934519,0.4175326798041326,-0.0044963673368941,0.0018047629605082,1.672621898e-27
6523,115.13,188.65714721360203,0.22248817028518,0.0329579055013076,-0.0051657039720449,0.0001501612213861757,1.672621898e-27
6530,115.13,188.43121008258416,0.0032182255081428,0.0737565254628991,-0.0024003222363077,0.00033765342360331,1.672621898e-27
6572,115.54,188.92053263728204,-0.3758010675921733,-0.1783214009341055,0.0004934101776725404,-0.0008606706598650359,1.672621898e-27
6579,115.13,188.60232741116872,0.1192216406025539,-0.3694786903751031,-0.0040645234467801,-0.0012428004870158,1.672621898e-27
6690,115.13,188.45061736066063,0.0126621382558509,-0.1121801966605334,-0.0026207736447376,-0.0003898604637263308,1.672621898e-27
6696,115.13,188.61969659391423,0.1514245359898486,0.1524705147650903,-0.0045681979746893,0.000618630179623338,1.672621898e-27
6716,115.13,188.51228080265628,0.097469140819186,-0.4687595861384734,-0.0078107488886463,0.0184716185466168,1.672621898e-27
6777,115.13,188.42144728758268,0.0038208157840609,-0.3185150263747121,-0.0025412888171083,-0.0011050717930778,1.672621898e-27
6808,115.13,188.12510091211735,-0.2691386687814574,-0.3525741788143421,-0.0003192751650170935,-0.0011033975885005,1.672621898e-27
6830,115.13,188.5465452568397,0.0774558593688544,-0.2120412626448327,-0.0032787411090471,-0.0006587050177531528,1.672621898e-27
6839,115.13,188.70759323527415,0.415467315373548,0.1180550191667811,-0.007195315898714,0.00037600818241301015,1.672621898e-27
6904,115.54,188.8307985980734,-0.4187517015584088,-0.2219821319038463,0.0012370574939931,-0.0013092917109976,1.672621898e-27
6938,115.13,188.56050741578767,0.1216735508292016,0.0892089691359048,-0.0042009896787898,0.0004300089264573626,1.672621898e-27
6958,115.13,188.34495680011935,-0.0419533161732584,-0.4144135693184864,-0.0025038986537539,-0.0015493618063955,1.672621898e-27
6969,115.13,188.66229490894884,0.1967896697648758,0.0446252833768651,-0.0051052485813915,5.828724031360485e-05,1.672621898e-27
7029,115.13,188.65086217742305,0.1658510413442648,-0.1014575555170928,-0.0044431800137568,-0.0002633683223492396,1.672621898e-27
7049,115.13,188.3313413453307,-0.0497248597231822,-0.0500275399558538,-0.0018550537612107,-0.00013036494722724665,1.672621898e-27
7080,115.13,188.307948518336,-0.0781878788555159,0.1620743509771201,-0.0016920132928903,0.0006143860205781032,1.672621898e-27
7151,115.13,188.1310581307797,-0.2229973331981819,0.4254473748497534,-0.00090800978417408,0.0022233358510377,1.672621898e-27
7209,115.13,188.10040212077692,-0.2532411460737845,-0.1047331401092772,-0.0004194773683884629,-0.00048710711379521096,1.672621898e-27
7232,115.13,188.67618242839316,0.1995063556953353,0.3459556309141446,-0.0056327579680705,0.0012778600771437,1.672621898e-27
7251,115.13,188.0578290112732,-0.2763918168647198,0.3972684395457907,-0.0006317861745829369,0.0022477932590666,1.672621898e-27
7276,115.13,188.3488376915983,-0.0065070598781068,-0.0256678413161474,-0.0025796651636666,0.00010575255278929473,1.672621898e-27
7306,115.13,188.37047004871116,-0.0323902214171219,0.2320591846030281,-0.0019706234535067,0.0008833149481891353,1.672621898e-27
7390,115.13,188.1957092796472,-0.1727953602919288,0.1653456524133515,-0.0011023793241439,0.0006586234744134241,1.672621898e-27
7411,115.13,188.6791334163628,0.2205138946389746,-0.2496780840978883,-0.0054638483674498,-0.0008279511969432914,1.672621898e-27
7418,115.54,188.8977907501556,-0.4423385370934958,0.0355770965765111,0.000759657774748197,0.00030339239869682614,1.672621898e-27
7447,115.13,188.55622111566748,0.0862060340646186,0.3947272099851726,-0.0038322500332924,0.0014760056660876,1.672621898e-27
7507,115.13,188.72879413917389,0.4119261721041499,-0.176087988432829,-0.0073266085549916,-0.0011441144023364,1.672621898e-27
7529,115.13,188.57105823608325,0.1284343265572323,-0.0717276920868807,-0.0037475137459851,-0.00021561354037006152,1.672621898e-27
7533,115.13,188.1801679017262,-0.188938926505447,-0.0169337214925485,-0.0007097900449566294,-0.0001891349953449299,1.672621898e-27
7577,115.13,188.730169853306,0.3127414627839591,0.0277179677190126,-0.0065282006917117,4.013166147296709e-05,1.672621898e-27
7619,115.13,188.58433200789557,0.0973756742478901,0.2068273360081681,-0.003969492251627,0.0007842598997768916,1.672621898e-27
7661,115.13,188.7448744531484,0.3358142935493472,-0.3101006213211455,-0.0067583189509891,-0.0010217668167926,1.672621898e-27
7680,115.13,188.5123789963274,0.0575869051397001,0.3752576943450394,-0.0033853639919367,0.0014289372334038,1.672621898e-27
7716,115.13,188.1979208315507,-0.1549049687482659,-0.1297852693525978,-0.0009364323195340171,-0.0006104454908376205,1.672621898e-27
7946,115.13,188.2563219619242,-0.1036954060583349,0.1109073552953767,-0.0015613840601853,0.0005404595300651303,1.672621898e-27
7956,115.13,188.6567764644074,0.1819082061785002,-0.0415653525151094,-0.0047638279017166,-0.000147214412287842,1.672621898e-27
8012,115.13,188.7230991715279,0.4059347671478029,-0.0229756277880157,-0.0072078938652923,-1.452184926860886e-05,1.672621898e-27
8035,115.13,188.73527910204552,0.4043993273850651,0.1563234697558037,-0.0070829507992504,0.000492378596129702,1.672621898e-27
8249,115.13,188.4781091180495,0.0367124547217604,0.0255924580519181,-0.0026818437461163,0.00011104777562777642,1.672621898e-27
8370,115.54,188.91203121985328,-0.3613888135513722,-0.3092061603681124,0.0008120805728840202,-0.0018491616097355,1.672621898e-27
8372,115.13,188.5693179002868,0.1070663707370346,-0.2063990285824096,-0.0035187967081219,-0.0006538720370823594,1.672621898e-27
8428,115.13,188.6440967447089,0.1667840054101762,0.1079349956882865,-0.0047639947904376,0.00042718604818307697,1.672621898e-27
8444,115.13,188.2867410448576,-0.1387416815742018,-0.379139365956249,-0.0013868156736904,-0.0017407011375264,1.672621898e-27
8483,115.13,188.2970249495821,-0.0788100862165016,-0.1741240557087776,-0.0019272580637056,-0.0006256870109196086,1.672621898e-27
8511,115.13,188.2998447206729,-0.0832424986858532,-0.1600297734223347,-0.0017703551749126,-0.0007151798382916743,1.672621898e-27
8530,115.13,188.68799659251388,0.2224878495884375,-0.0867233375812261,-0.0052397950753313,-0.0002687256928005156,1.672621898e-27
8541,115.13,188.72429149695168,0.2898958134968563,0.1645921852773607,-0.0061689474962449,0.0005098505356940991,1.672621898e-27
8647,115.13,188.73589970062997,0.3485585360140085,-0.1072493074770928,-0.0068006919423907,-0.00038540349929815527,1.672621898e-27
8676,115.13,188.46257939425615,0.0412317696151048,-0.4929282388460561,-0.0028288181399323,-0.0019071904291225,1.672621898e-27
8700,115.13,188.19775357276188,-0.1720148132650114,0.0019873945410281,-0.0008215341021793869,-4.64934298652896e-05,1.672621898e-27
8715,115.13,188.1256649466486,-0.2443018486085676,0.154558241725476,-0.0005999599955696985,0.0005892250013100615,1.672621898e-27
8723,115.13,188.12734209412423,-0.2535817547705239,-0.0184589124255387,-0.0004859463376176408,-0.00013157494412526996,1.672621898e-27
8745,115.13,188.71859446666747,0.3218026987250333,-0.3555024261433631,-0.0058518919004998,-0.0018878952709085,1.672621898e-27
8749,115.54,188.89167741922955,-0.4437122421624594,0.1431345108374132,0.0001229338537352772,0.0005057170391765315,1.672621898e-27
8751,115.13,188.68320065110575,0.2373124354109789,-0.1407028602204001,-0.0052283630560069,-0.0004045007553720762,1.672621898e-27
8788,115.13,188.710694244482,0.3598378802300412,0.302573785563671,-0.0355739299960052,-0.0206285808818839,1.672621898e-27
8963,115.13,188.2664836481385,-0.1051133020618914,0.0640967791569407,-0.0014766015104682,0.00019473990192666837,1.672621898e-27
9033,115.13,188.71368099156717,0.3229565575126171,-0.0061370942178847,-0.0066734264647945,-7.295740746689468e-05,1.672621898e-27
9054,115.13,188.40535848540327,-0.01871144662357,-0.3083667472799767,-0.0023636991746822,-0.0012045671989655,1.672621898e-27
9063,115.54,188.9479150704036,-0.4189761680885706,0.2125355536606745,-5.157853673566024e-05,0.0007392407906828348,1.672621898e-27
9115,115.54,188.85630644151271,-0.4205473165339789,0.0078628946566716,0.0007739364973806532,0.00012196308897520088,1.672621898e-27
9176,115.13,188.4552047190477,0.017162321170776,-0.0925599741048903,-0.0026173303231599,-0.0002875411848369437,1.672621898e-27
9186,115.13,188.46784232912304,0.0306656619627392,0.1241009758888894,-0.0027432324276718,0.0005845713015178135,1.672621898e-27
9211,115.13,188.5876766742804,0.1235806053274482,0.0703419066180708,-0.0043538406134527,0.00019293891364088425,1.672621898e-27
9221,115.13,188.7036962070947,0.271972097649606,0.0753991827979058,-0.005727343090948,0.0001580699650838976,1.672621898e-27
9275,115.13,188.70421076922585,0.2616992613780273,-0.1204020080553329,-0.0056463893352609,-0.000379305334152306,1.672621898e-27
9292,115.13,188.7033826775944,0.2659900994214513,0.173485145809827,-0.0058578461779357,0.0005747336209601843,1.672621898e-27
9352,115.13,188.6528699847416,0.2018565219743973,0.4148096339030413,-0.0057915157921439,0.0014310294928877,1.672621898e-27
9369,115.13,188.5681648369117,0.0929933095341214,0.2850582620512567,-0.00370252779993,0.0010923588044805,1.672621898e-27
9374,115.13,188.54418239808385,0.0952646646561961,-0.4478616708040965,-0.0036583373031131,-0.0017300715086464,1.672621898e-27
9388,115.13,188.74217475092428,0.3356601096591465,-0.1156233677367106,-0.0067347740539568,-0.00035719043178728183,1.672621898e-27
9435,115.13,188.27380292600623,-0.0870295136219816,0.0317826476134661,-0.0014985745925677,3.452080940748523e-05,1.672621898e-27
9436,183.95,188.63450583479292,-0.21812596788357,0.2999458873216208,0.0039133362449384,-0.0033486324555712,1.672621898e-27
9445,115.13,188.7216123877137,0.2852215295771687,0.0766756133878615,-0.0060193328752359,0.00019703613388001945,1.672621898e-27
9452,115.13,188.566241935386,0.114819527450007,-0.4452940555514218,-0.0039085862378689,-0.0016108417758174,1.672621898e-27
9518,115.54,188.8575942247589,-0.4614023483570297,-0.1244261540817959,0.00103691091293,-0.0009165352206496656,1.672621898e-27
9563,115.13,188.65731601258352,0.1702416774792859,-0.123997713878891,-0.0045337251564058,-0.00032874661726142577,1.672621898e-27
9597,115.13,188.6270680997172,0.1619593272315138,-0.1030459158256678,-0.0046135355165085,-0.0002989306894684924,1.672621898e-27
9611,115.13,188.30535377913284,-0.0804553398687171,0.4868453588761602,-0.0019772609204044,0.0020374780896914,1.672621898e-27
9690,115.13,188.16025470068072,-0.2168960977858611,-0.3015026388687037,-0.000490460568844528,-0.0014231850897764,1.672621898e-27
9713,115.13,188.7114546919714,0.3803685417445333,-0.2591229636281756,-0.0067119852889803,-0.0011396969191373,1.672621898e-27
9737,115.54,188.9700811704718,-0.3517705629789971,-0.3464601585801561,0.0004768862012723723,-0.002098910185783,1.672621898e-27
9742,115.54,188.98507919462304,-0.367162875127084,0.3328152758652907,-0.0005680491546446315,0.0012180752566909,1.672621898e-27
9755,115.13,188.4491872407971,0.0089564959283584,0.2247357585576324,-0.0027255044259964,0.0009657026464041004,1.672621898e-27
9794,115.13,188.4693539621667,0.0434344910193989,0.4959765610796985,-0.0034009332019036,0.0018201981203341,1.672621898e-27
9930,115.13,188.6861499364804,0.2738861619935471,0.2967075351041212,-0.0065818460590433,0.0011434540146956,1.672621898e-27
9959,115.13,188.43610051947897,0.0171733118901576,-0.4403009209173011,-0.0029692480134378,-0.0016968516395329,1.672621898e-27
9987,115.13,188.40632511244183,-0.0087886038010263,0.266491886042675,-0.002225838622666,0.0010966710937878,1.672621898e-27
10013,115.13,188.7351433384324,0.3183597624842506,0.1828356352456653,-0.0062993668298782,0.000591889519173037,1.672621898e-27
10173,115.13,188.4705176305279,0.0522958259690393,0.3891480039219281,-0.003488372519086,0.0014166657418075,1.672621898e-27
10315,115.13,188.71813946188647,0.2819750165385189,0.2385081158487131,-0.0062932676165619,0.000917486775362186,1.672621898e-27
10383,115.13,188.2793336793152,-0.1073673389057744,0.3582583275626928,-0.0018917189513828,0.001563190968915,1.672621898e-27
10385,115.13,188.4934749318802,0.0424376939361499,-0.2832254159576445,-0.002909739088738,-0.0009714663641254548,1.672621898e-27
10448,115.13,188.6821118861208,0.1998505237968393,-0.3180013199126507,-0.0049676950390423,-0.0010537201884646,1.672621898e-27
10469,115.13,188.55987443026928,0.1056992434091511,0.3346816747193082,-0.0041344304918392,0.0012910874502726,1.672621898e-27
10497,115.13,188.5775366784206,0.1114325499103355,-0.3918326872169178,-0.004137797074678,-0.0012921917235374,1.672621898e-27
10620,115.13,188.59644543896653,0.1380145667288648,0.011106376761797,-0.0046119539563576,9.163454387565196e-05,1.672621898e-27
10648,115.13,188.6637922450546,0.286843969784359,0.3516057591974378,-0.0062037995583641,0.0012427942945137,1.672621898e-27
10655,115.13,188.394792360785,-0.0340213966733937,-0.4037418549455058,-0.0023042878839783,-0.0016095116723931,1.672621898e-27
10670,115.13,188.15196196257665,-0.2157283248529202,-0.2547626527900508,-0.0004443540111269557,-0.0010728991030889,1.672621898e-27
10863,115.13,188.5621399050374,0.1016171546511255,-0.2648771543860347,-0.0036907407330206,-0.0008149175593090128,1.672621898e-27
10874,115.13,188.6547383521929,0.1782067682122025,0.3116421544585959,-0.0053297769331995,0.0011612439307615,1.672621898e-27
10885,115.13,188.01531292638825,-0.3314136747365781,0.3145779864654406,-0.0003387920148619693,0.00152157857498,1.672621898e-27
10888,115.13,188.43514062760408,0.0160403104037961,0.4935877361752162,-0.0030253815164264,0.001831917084122,1.672621898e-27
10895,115.13,188.6340255953716,0.1537271388124053,-0.4085797400401309,-0.0040432863447808,-0.0017429583104358,1.672621898e-27
10905,115.13,188.5136139491927,0.0513430639755567,0.0105752114889095,-0.0031076814544643,5.426389919453352e-05,1.672621898e-27
10943,115.13,188.27436977756477,-0.1479322965144499,-0.3700574799083259,-0.0014228001213089,-0.00168286465576,1.672621898e-27
10966,115.13,188.6737235849816,0.242818549354018,-0.2646799077762528,-0.0055445277124483,-0.0009585361361391414,1.672621898e-27
11108,115.13,188.3081694439224,-0.0307603741203083,0.1397973661020004,-0.0019545367863287,0.0006831689542134089,1.672621898e-27
11123,115.13,188.29264722708243,-0.0838284601906741,-0.0612029933010588,-0.0017554552271101,-0.00020845819868120727,1.672621898e-27
11127,115.13,188.41004353883932,0.0009109274853306364,0.1337565992260387,-0.0023791158935096,0.0005388433014260659,1.672621898e-27
11144,115.13,188.4075116881958,-0.0156581107584193,-0.3725584481272936,-0.0024476556222276,-0.0013556284524634,1.672621898e-27
11156,115.13,188.1216181312273,-0.2528642549360821,-0.2741199950214011,-0.0004462530937764909,-0.0011906240617032,1.672621898e-27
11222,115.13,188.39191268731415,-0.0200028737080337,0.2082713437396859,-0.0019853947293865,0.0009127962074106452,1.672621898e-27
11235,115.13,188.5637217676531,0.0945430972410473,0.2806139199855619,-0.0038419978979485,0.0011507848175863,1.672621898e-27
11278,115.54,188.93122187395355,-0.3523491549888236,-0.1428938741809671,0.0003180773774485666,-0.0005273137096475484,1.672621898e-27
11301,115.13,188.58170973562784,0.101075224343222,0.3599386883020758,-0.0043897670755989,0.001282286296737,1.672621898e-27
11365,115.13,188.49986585170367,0.0429196784445082,0.3154319692451849,-0.003303933878429,0.0012485639948197,1.672621898e-27
11369,115.13,188.00237784101796,-0.3531444500847185,0.2470507478620177,-0.00031376545480711745,0.0011212443986453,1.672621898e-27
11395,115.13,188.09023065897148,-0.2613875284678244,0.2502440126009762,-0.0004639880638819663,0.0011339627999524,1.672621898e-27
11407,115.13,188.2151333244984,-0.1576913919527178,-0.0342778666091602,-0.0008859058849745858,-0.000252482779975083,1.672621898e-27
11413,115.13,188.6587694386584,0.188108426822213,0.4391640238779664,-0.005555096212377,0.0017032381439794,1.672621898e-27
11418,115.13,188.56916397110328,0.100939351776533,-0.3646758231700254,-0.0037767084414709,-0.0012049705191919,1.672621898e-27
11438,115.13,188.73546886707103,0.399670323862393,-0.1497751518519269,-0.0070912783102347,-0.00044782868786631344,1.672621898e-27
11470,115.13,188.73197916226468,0.4623004965891908,-0.0448676768545908,-0.0074076998405055,1.0257226215230598e-05,1.672621898e-27
11571,115.13,188.69051321571516,0.2205163031677832,0.0966906760806201,-0.0052961720443601,0.00031643262271595384,1.672621898e-27
11688,115.13,188.7443428289126,0.3470794938487493,-0.3273584660835532,-0.0063033846682328,-0.0011404670789008,1.672621898e-27
11697,115.13,188.34083150807612,-0.0542834084071428,0.4260304885077001,-0.0022615248435631,0.0016812922819923,1.672621898e-27
11701,115.13,188.46639774361296,0.0281143094526118,0.0441406772755886,-0.0026206226958615,0.00021308061907242655,1.672621898e-27
11706,115.13,188.4772128783456,0.0362027193200419,0.2283441733106125,-0.002879642694333,0.0009069620358241764,1.672621898e-27
11716,115.13,188.54201427435797,0.0888015592622673,0.4706211544380355,-0.0037693747074514,0.0016867447332717,1.672621898e-27
11770,115.13,188.27130281202668,-0.0988228334252371,0.2055844368941032,-0.0016173303119362,0.0008799530830863161,1.672621898e-27
11785,115.13,188.5189254685763,0.0601513136083237,0.1462233068017576,-0.0032073861305126,0.0006486295162291734,1.672621898e-27
11812,115.13,188.68899275655292,0.2982863899170511,-0.041212314621587,-0.0063272331524495,-8.401770230980045e-05,1.672621898e-27
11818,115.13,188.34639955515436,-0.0477871991041254,0.0666473011828592,-0.0018577339007514,0.00019656200202857472,1.672621898e-27
11859,115.13,188.11724840839256,-0.2543027218929741,-0.2865335326843315,-0.0004905361911193009,-0.0012999949371889,1.672621898e-27
11954,115.13,188.6278532784306,0.1471996119191911,0.3759572450280136,-0.0049524268799457,0.0014451737971977,1.672621898e-27
11969,115.13,188.6927343917451,0.2330404953545554,0.0839362678687008,-0.0053706901854775,0.00030555517650349004,1.672621898e-27
12000,115.13,188.3950754043017,-0.013480676115069,0.494481813995405,-0.0026720818118078,0.0018913592321951,1.672621898e-27
12029,115.13,188.13921861868735,-0.1823541931467729,0.2278063630815449,-0.0008560262277185435,0.0010520962859732,1.672621898e-27
12108,115.13,188.01193288256653,-0.3433396533151344,0.1853018550803166,-0.0003001403633922852,0.0008182080241647255,1.672621898e-27
12192,115.13,188.54729631546175,0.099058868706935,0.4827805920899028,-0.0039980910137192,0.0019637028590026,1.672621898e-27
12311,115.54,188.98141730320916,-0.2869171672578405,-0.0583989821322754,-4.2520342101317726e-05,-0.00029203328027770645,1.672621898e-27
12365,115.13,188.7247107043296,0.4139613103494018,-0.0784675956564725,-0.0071565307804299,-0.00012909851740563135,1.672621898e-27
12396,115.13,188.6606961681685,0.204358911171901,0.4297854149930963,-0.0058197519203684,0.0014892646268396,1.672621898e-27
12501,115.13,188.0135970259128,-0.3628686963852784,-0.0448721466147117,5.295597159382421e-05,-0.00017677472843039983,1.672621898e-27
12530,115.13,188.7170244517424,0.2972590252258864,-0.1154491489661203,-0.0062343188685715,-0.00031962185674116566,1.672621898e-27
12539,115.13,188.4110367482392,-0.0069701382481773,0.4266366116706392,-0.002723288782778,0.0016166166756145,1.672621898e-27
12562,115.13,188.54911719921463,0.0819630760419629,-0.2063728728279203,-0.0033311844923323,-0.0006278047576065272,1.672621898e-27
12651,115.13,188.69695734818623,0.2749407552400886,0.1925818613904052,-0.0059835141719699,0.0006652954501170003,1.672621898e-27
12692,115.13,188.1104898052517,-0.2441843505214206,-0.4058084916455503,-0.00029843876052553235,-0.0014629653592046,1.672621898e-27
12767,115.13,188.7202733102607,0.2771016605980798,0.2349445898274696,-0.0062484313288086,0.0008552278057021153,1.672621898e-27
12769,115.13,188.2009933409416,-0.2036587742833212,-0.3129398853600904,-0.0007678119564381473,-0.0013887693895264,1.672621898e-27
12770,115.54,188.9807715799106,-0.3764744943779535,0.2543125304151896,-7.561964905146672e-05,0.0010885244561798,1.672621898e-27
12818,115.13,188.6040669228233,0.1223585977532014,0.4011231675661728,-0.0047412807176318,0.0014919411715231,1.672621898e-27
12869,115.13,188.3075774902135,-0.082516971941007,0.2754481241889704,-0.0018091629753259,0.001179799905621,1.672621898e-27
12874,115.13,188.4266944869248,0.0108991984322331,-0.2979225029680376,-0.0027436829053557,-0.001178339695309,1.672621898e-27
12887,115.13,188.67460305773977,0.2211652677305454,-0.1476879498878754,-0.0053748570048464,-0.0004234830184176685,1.672621898e-27
12900,115.13,188.71648722521172,0.3446246060559995,0.0948352856523065,-0.0064702055252575,0.0004074183077661838,1.672621898e-27
12902,115.13,188.68203826838945,0.253517944890858,0.4206518471885564,-0.0065898123257153,0.0014861303770066,1.672621898e-27
12954,115.13,188.62436938909852,0.1902613413067013,0.4363819358716158,-0.0056718028285977,0.0015873960761758,1.672621898e-27
13025,115.13,188.34353253868773,-0.0390160261976027,0.1306268804973167,-0.001748933083481,0.000559058619432575,1.672621898e-27
13058,115.13,188.41653467365416,0.0494185482986396,-0.2066498788611691,-0.0025585223057306,-0.0007673017741094991,1.672621898e-27
13086,115.13,188.70616336359672,0.3139009485992127,-0.058726292755646,-0.0064400595294445,-0.0002743986415306932,1.672621898e-27
13127,115.13,188.45386237456785,0.0273401497201745,-0.33058033014903,-0.0027078346483217,-0.0011049225417625,1.672621898e-27
13283,115.13,188.6597079636321,0.1742061600099005,-0.1141484589521428,-0.0046903573266754,-0.0003552598566697814,1.672621898e-27
13350,115.54,188.95535499533267,-0.3566632395568075,-0.1344989058883159,0.0004098110072915799,-0.0005507748632690891,1.672621898e-27
13363,115.13,188.4476532869571,0.0368770271524025,-0.4839260035613222,-0.0028380218657298,-0.0017833064129433,1.672621898e-27
13372,115.13,188.4993847075409,0.0488614256506277,-0.2977533498804203,-0.0032727527454155,-0.0009411956442642334,1.672621898e-27
13413,115.13,188.3682276517521,-0.0409739668256759,-0.3579093305187705,-0.0023624254748912,-0.0013995114239048,1.672621898e-27
13469,115.13,188.72326072334303,0.4674506703565027,0.0666993182425575,-0.0075495846130897,0.00016140529361852,1.672621898e-27
13521,115.13,188.5993376414289,0.1142179142433906,0.2368040478988595,-0.0043181856508171,0.0009269094786148,1.672621898e-27
13599,115.13,188.724252149068,0.307190000704104,-0.1864447676381099,-0.0063326633332164,-0.0005249418135540014,1.672621898e-27
13605,115.13,188.6718235090844,0.2219579285175224,0.3281702307998197,-0.006113972668172,0.0012433097564726,1.672621898e-27
13607,115.13,188.4674516886496,0.0337436072219901,0.1927445078791903,-0.0027903853071873,0.000852042268797943,1.672621898e-27
13634,115.13,188.0214425872738,-0.2868788467936547,-0.2535673022004232,-0.00026420158591375505,-0.0012120895907293,1.672621898e-27
13702,115.13,188.2350807783631,-0.180117487831309,-0.4525317621916543,-0.0016592265301336,-0.0013302484541962,1.672621898e-27
13729,115.13,188.42450100227447,0.0080425700590915,-0.0151878452670095,-0.0023998007242687,-9.6862224824288e-05,1.672621898e-27
13793,115.13,188.7197929470049,0.2882730329371677,0.070130553835444,-0.0061270623771881,0.00018204753153054485,1.672621898e-27
13812,115.13,188.45452781918624,0.0254466976534722,0.3457187858231914,-0.0027394901018005,0.00137938761704,1.672621898e-27
13921,115.13,188.33231610779265,-0.0499557481095498,0.2203194607574478,-0.0018375085944159,0.0008714658833797062,1.672621898e-27
13935,115.13,188.7374469496432,0.3731971571889222,-0.1843521302090497,-0.0069442004296599,-0.0006350441800750808,1.672621898e-27
13942,115.13,188.6616763593404,0.1921289446283562,-0.1436143079344976,-0.0049681205440547,-0.0005161138153298788,1.672621898e-27
14012,115.13,188.6295275135693,0.1406445382051979,0.1957405553123312,-0.004580290874258,0.0007269756680515189,1.672621898e-27
14066,115.13,188.153421205987,-0.1788382277273537,-0.1650271999716919,-0.0008515639541452157,-0.0007697585699503015,1.672621898e-27
14074,115.13,188.7011167368873,0.2582035877772125,-0.3164524854587365,-0.0044410446067522,-0.0016278397661518,1.672621898e-27
14128,115.13,188.70489170732333,0.4132972676249475,0.1898035772211118,-0.0462803536786435,-0.0154494522808393,1.672621898e-27
14205,115.13,188.2657695968709,-0.1165412818783004,0.3942966947610882,-0.0018161213237359,0.0017065802990999,1.672621898e-27
14218,115.13,188.58096901300613,0.1184479145981372,-0.0077757825104041,-0.0042148914027233,5.97420932929147e-05,1.672621898e-27
14219,115.13,188.74782402197184,0.3323398953866214,-0.2232924729732969,-0.0066002920612528,-0.0007753944812681621,1.672621898e-27
14241,115.13,188.7259884790197,0.4165871415756575,0.0461446015094243,-0.0071246373781634,0.00010235267437054867,1.672621898e-27
14251,115.13,188.6531262651138,0.1894553249945158,0.2069840048579271,-0.005319097454206,0.0008603754679601006,1.672621898e-27
14262,115.13,188.23110293021568,-0.18080417872444,-0.3361226133934641,-0.0010920842524733,-0.001500481217031,1.672621898e-27
14388,115.13,188.46443893088545,0.0238099891578258,0.3436670575194032,-0.0028891960165639,0.0012918358771936,1.672621898e-27
14396,115.13,188.42331944538057,0.0102011246128777,-0.2768867943971623,-0.0026532109304983,-0.0009237966497698764,1.672621898e-27
